Real,Imag,Ampl,file name
-5326.442035268907,6301.511457753661,8251.062441121157,CX3CR1eGFP-KontrolleM1_102012D10P5Film+opo60s30000µm²_11-18-05shape analysis cell 1_ZCSEdited__cell004_T023.wrl_rendered_rotNum_5.tif
1365.4458563337935,556.6599461509451,1474.5550794147705,CX3CR1eGFP-KontrolleM1_102012D10P5Film+opo60s30000µm²_11-18-05shape analysis cell 1_ZCSEdited__cell004_T023.wrl_rendered_rotNum_5.tif
-1997.918055898223,178.06463419095977,2005.8373742738206,CX3CR1eGFP-KontrolleM1_102012D10P5Film+opo60s30000µm²_11-18-05shape analysis cell 1_ZCSEdited__cell004_T023.wrl_rendered_rotNum_5.tif
1051.6753074887154,-586.8550853886525,1204.3337758395746,CX3CR1eGFP-KontrolleM1_102012D10P5Film+opo60s30000µm²_11-18-05shape analysis cell 1_ZCSEdited__cell004_T023.wrl_rendered_rotNum_5.tif
-22.255448025354394,575.426438545783,575.8566585047819,CX3CR1eGFP-KontrolleM1_102012D10P5Film+opo60s30000µm²_11-18-05shape analysis cell 1_ZCSEdited__cell004_T023.wrl_rendered_rotNum_5.tif
-420.61713312226954,-434.81624230186014,604.966062887421,CX3CR1eGFP-KontrolleM1_102012D10P5Film+opo60s30000µm²_11-18-05shape analysis cell 1_ZCSEdited__cell004_T023.wrl_rendered_rotNum_5.tif
413.9737182767804,-273.70888200946433,496.2769302665338,CX3CR1eGFP-KontrolleM1_102012D10P5Film+opo60s30000µm²_11-18-05shape analysis cell 1_ZCSEdited__cell004_T023.wrl_rendered_rotNum_5.tif
-134.84129478863855,-284.2550013317071,314.6157665508283,CX3CR1eGFP-KontrolleM1_102012D10P5Film+opo60s30000µm²_11-18-05shape analysis cell 1_ZCSEdited__cell004_T023.wrl_rendered_rotNum_5.tif
-482.58999636231465,-319.64381526413644,578.8482298716929,CX3CR1eGFP-KontrolleM1_102012D10P5Film+opo60s30000µm²_11-18-05shape analysis cell 1_ZCSEdited__cell004_T023.wrl_rendered_rotNum_5.tif
27.05442765078009,-139.16768610348305,141.77301192719608,CX3CR1eGFP-KontrolleM1_102012D10P5Film+opo60s30000µm²_11-18-05shape analysis cell 1_ZCSEdited__cell004_T023.wrl_rendered_rotNum_5.tif
-270.80996074255125,-277.1577635580864,387.49769126783485,CX3CR1eGFP-KontrolleM1_102012D10P5Film+opo60s30000µm²_11-18-05shape analysis cell 1_ZCSEdited__cell004_T023.wrl_rendered_rotNum_5.tif
-348.46076243461414,-202.6507901400339,403.1032692758676,CX3CR1eGFP-KontrolleM1_102012D10P5Film+opo60s30000µm²_11-18-05shape analysis cell 1_ZCSEdited__cell004_T023.wrl_rendered_rotNum_5.tif
-310.683185349076,-214.910103837519,377.77029315458554,CX3CR1eGFP-KontrolleM1_102012D10P5Film+opo60s30000µm²_11-18-05shape analysis cell 1_ZCSEdited__cell004_T023.wrl_rendered_rotNum_5.tif
-306.6586320099243,-312.7189792305696,437.98707350469556,CX3CR1eGFP-KontrolleM1_102012D10P5Film+opo60s30000µm²_11-18-05shape analysis cell 1_ZCSEdited__cell004_T023.wrl_rendered_rotNum_5.tif
-335.8907883016825,-390.8660900702856,515.3629032368923,CX3CR1eGFP-KontrolleM1_102012D10P5Film+opo60s30000µm²_11-18-05shape analysis cell 1_ZCSEdited__cell004_T023.wrl_rendered_rotNum_5.tif
-297.58531079080296,-310.49749347575573,430.07640094893117,CX3CR1eGFP-KontrolleM1_102012D10P5Film+opo60s30000µm²_11-18-05shape analysis cell 1_ZCSEdited__cell004_T023.wrl_rendered_rotNum_5.tif
-197.49602313195635,-383.59360549127297,431.4495721712245,CX3CR1eGFP-KontrolleM1_102012D10P5Film+opo60s30000µm²_11-18-05shape analysis cell 1_ZCSEdited__cell004_T023.wrl_rendered_rotNum_5.tif
-340.21897104063277,-384.610886427954,513.4924363754966,CX3CR1eGFP-KontrolleM1_102012D10P5Film+opo60s30000µm²_11-18-05shape analysis cell 1_ZCSEdited__cell004_T023.wrl_rendered_rotNum_5.tif
-257.8309968314728,-264.65680256835634,369.48619199209173,CX3CR1eGFP-KontrolleM1_102012D10P5Film+opo60s30000µm²_11-18-05shape analysis cell 1_ZCSEdited__cell004_T023.wrl_rendered_rotNum_5.tif
0,0,0,0
2589.757972019089,8945.963567265746,9313.276034805502,CX3CR1eGFP-KontrolleM1_102012D10P5Film+opo60s30000µm²_11-18-05shape analysis cell 1_ZCSEdited__cell004_T013.wrl_rendered_rotNum_4.tif
-2392.1997514824666,-1417.4867420396831,2780.6273239776397,CX3CR1eGFP-KontrolleM1_102012D10P5Film+opo60s30000µm²_11-18-05shape analysis cell 1_ZCSEdited__cell004_T013.wrl_rendered_rotNum_4.tif
-671.1277920698705,1835.4758359353123,1954.324450440871,CX3CR1eGFP-KontrolleM1_102012D10P5Film+opo60s30000µm²_11-18-05shape analysis cell 1_ZCSEdited__cell004_T013.wrl_rendered_rotNum_4.tif
-3802.616433920469,-391.2936620591507,3822.695707676676,CX3CR1eGFP-KontrolleM1_102012D10P5Film+opo60s30000µm²_11-18-05shape analysis cell 1_ZCSEdited__cell004_T013.wrl_rendered_rotNum_4.tif
2607.325928104434,648.5025911198906,2686.7646167937487,CX3CR1eGFP-KontrolleM1_102012D10P5Film+opo60s30000µm²_11-18-05shape analysis cell 1_ZCSEdited__cell004_T013.wrl_rendered_rotNum_4.tif
-475.86180601895006,-487.49112665132714,681.2430234442018,CX3CR1eGFP-KontrolleM1_102012D10P5Film+opo60s30000µm²_11-18-05shape analysis cell 1_ZCSEdited__cell004_T013.wrl_rendered_rotNum_4.tif
-1334.9241153356375,-223.59270746609718,1353.5198899671382,CX3CR1eGFP-KontrolleM1_102012D10P5Film+opo60s30000µm²_11-18-05shape analysis cell 1_ZCSEdited__cell004_T013.wrl_rendered_rotNum_4.tif
-825.1774313305418,108.72127827091813,832.3089027074824,CX3CR1eGFP-KontrolleM1_102012D10P5Film+opo60s30000µm²_11-18-05shape analysis cell 1_ZCSEdited__cell004_T013.wrl_rendered_rotNum_4.tif
-57.107787020173575,-875.1763143612301,877.0375593765914,CX3CR1eGFP-KontrolleM1_102012D10P5Film+opo60s30000µm²_11-18-05shape analysis cell 1_ZCSEdited__cell004_T013.wrl_rendered_rotNum_4.tif
154.20749691533317,55.384547464421246,163.8517628917407,CX3CR1eGFP-KontrolleM1_102012D10P5Film+opo60s30000µm²_11-18-05shape analysis cell 1_ZCSEdited__cell004_T013.wrl_rendered_rotNum_4.tif
-115.39245482278899,46.82875868583574,124.53253097117087,CX3CR1eGFP-KontrolleM1_102012D10P5Film+opo60s30000µm²_11-18-05shape analysis cell 1_ZCSEdited__cell004_T013.wrl_rendered_rotNum_4.tif
-639.3493102742696,-154.5966972946946,657.7747938030246,CX3CR1eGFP-KontrolleM1_102012D10P5Film+opo60s30000µm²_11-18-05shape analysis cell 1_ZCSEdited__cell004_T013.wrl_rendered_rotNum_4.tif
-497.8355909258319,-279.618518948918,570.9875582984788,CX3CR1eGFP-KontrolleM1_102012D10P5Film+opo60s30000µm²_11-18-05shape analysis cell 1_ZCSEdited__cell004_T013.wrl_rendered_rotNum_4.tif
-697.521778078326,-468.8579439657233,840.4548783327483,CX3CR1eGFP-KontrolleM1_102012D10P5Film+opo60s30000µm²_11-18-05shape analysis cell 1_ZCSEdited__cell004_T013.wrl_rendered_rotNum_4.tif
-268.94360835004517,-372.9748739204711,459.8270555853949,CX3CR1eGFP-KontrolleM1_102012D10P5Film+opo60s30000µm²_11-18-05shape analysis cell 1_ZCSEdited__cell004_T013.wrl_rendered_rotNum_4.tif
-211.5407892896413,-864.3521970278681,889.8619140294672,CX3CR1eGFP-KontrolleM1_102012D10P5Film+opo60s30000µm²_11-18-05shape analysis cell 1_ZCSEdited__cell004_T013.wrl_rendered_rotNum_4.tif
-644.0989669330581,-301.7253684360421,711.2676550793647,CX3CR1eGFP-KontrolleM1_102012D10P5Film+opo60s30000µm²_11-18-05shape analysis cell 1_ZCSEdited__cell004_T013.wrl_rendered_rotNum_4.tif
-500.52141355204265,-302.18293235175787,584.6676064473231,CX3CR1eGFP-KontrolleM1_102012D10P5Film+opo60s30000µm²_11-18-05shape analysis cell 1_ZCSEdited__cell004_T013.wrl_rendered_rotNum_4.tif
-546.3648637477091,-359.31814818374977,653.9297331917642,CX3CR1eGFP-KontrolleM1_102012D10P5Film+opo60s30000µm²_11-18-05shape analysis cell 1_ZCSEdited__cell004_T013.wrl_rendered_rotNum_4.tif
0,0,0,0
-11411.06813250747,3852.568387698658,12043.868112306052,CX3CR1eGFP-KontrolleM1_102012D10P5Film+opo60s30000µm²_11-18-05shape analysis cell 1_ZCSEdited__cell004_T010.wrl_rendered_rotNum_5.tif
1156.8455610812318,1104.296042640524,1599.3002851199872,CX3CR1eGFP-KontrolleM1_102012D10P5Film+opo60s30000µm²_11-18-05shape analysis cell 1_ZCSEdited__cell004_T010.wrl_rendered_rotNum_5.tif
-2026.170233905636,-608.1114747008052,2115.4586695154335,CX3CR1eGFP-KontrolleM1_102012D10P5Film+opo60s30000µm²_11-18-05shape analysis cell 1_ZCSEdited__cell004_T010.wrl_rendered_rotNum_5.tif
1163.313612632791,2419.369446728489,2684.519897691219,CX3CR1eGFP-KontrolleM1_102012D10P5Film+opo60s30000µm²_11-18-05shape analysis cell 1_ZCSEdited__cell004_T010.wrl_rendered_rotNum_5.tif
-1086.647531478714,-2006.2538505463253,2281.6348021760055,CX3CR1eGFP-KontrolleM1_102012D10P5Film+opo60s30000µm²_11-18-05shape analysis cell 1_ZCSEdited__cell004_T010.wrl_rendered_rotNum_5.tif
-423.832394055835,516.8841281635669,668.4333176903372,CX3CR1eGFP-KontrolleM1_102012D10P5Film+opo60s30000µm²_11-18-05shape analysis cell 1_ZCSEdited__cell004_T010.wrl_rendered_rotNum_5.tif
-828.9224385959458,-264.69855561541,870.1596029193345,CX3CR1eGFP-KontrolleM1_102012D10P5Film+opo60s30000µm²_11-18-05shape analysis cell 1_ZCSEdited__cell004_T010.wrl_rendered_rotNum_5.tif
377.9446177779902,-485.73139651764086,615.4487173358384,CX3CR1eGFP-KontrolleM1_102012D10P5Film+opo60s30000µm²_11-18-05shape analysis cell 1_ZCSEdited__cell004_T010.wrl_rendered_rotNum_5.tif
86.61073750547737,-154.0929895461701,176.7655771877511,CX3CR1eGFP-KontrolleM1_102012D10P5Film+opo60s30000µm²_11-18-05shape analysis cell 1_ZCSEdited__cell004_T010.wrl_rendered_rotNum_5.tif
30.317609003417452,-418.9740128319166,420.06949525544354,CX3CR1eGFP-KontrolleM1_102012D10P5Film+opo60s30000µm²_11-18-05shape analysis cell 1_ZCSEdited__cell004_T010.wrl_rendered_rotNum_5.tif
-92.96940244085874,21.56673055818129,95.43811427925188,CX3CR1eGFP-KontrolleM1_102012D10P5Film+opo60s30000µm²_11-18-05shape analysis cell 1_ZCSEdited__cell004_T010.wrl_rendered_rotNum_5.tif
-480.1853803092683,-428.09849045440694,643.308881480816,CX3CR1eGFP-KontrolleM1_102012D10P5Film+opo60s30000µm²_11-18-05shape analysis cell 1_ZCSEdited__cell004_T010.wrl_rendered_rotNum_5.tif
-516.5682246501319,91.69335133818822,524.6431181268059,CX3CR1eGFP-KontrolleM1_102012D10P5Film+opo60s30000µm²_11-18-05shape analysis cell 1_ZCSEdited__cell004_T010.wrl_rendered_rotNum_5.tif
-390.5479989518327,85.77469602470981,399.8562716319604,CX3CR1eGFP-KontrolleM1_102012D10P5Film+opo60s30000µm²_11-18-05shape analysis cell 1_ZCSEdited__cell004_T010.wrl_rendered_rotNum_5.tif
-149.30035906590942,-222.29517852448527,267.77928152200695,CX3CR1eGFP-KontrolleM1_102012D10P5Film+opo60s30000µm²_11-18-05shape analysis cell 1_ZCSEdited__cell004_T010.wrl_rendered_rotNum_5.tif
-203.41802829726402,-242.62827828156156,316.61865968104496,CX3CR1eGFP-KontrolleM1_102012D10P5Film+opo60s30000µm²_11-18-05shape analysis cell 1_ZCSEdited__cell004_T010.wrl_rendered_rotNum_5.tif
-99.26484913296825,-351.10749305090224,364.86981507091036,CX3CR1eGFP-KontrolleM1_102012D10P5Film+opo60s30000µm²_11-18-05shape analysis cell 1_ZCSEdited__cell004_T010.wrl_rendered_rotNum_5.tif
-495.6575335593794,-251.5361884254769,555.8298702496874,CX3CR1eGFP-KontrolleM1_102012D10P5Film+opo60s30000µm²_11-18-05shape analysis cell 1_ZCSEdited__cell004_T010.wrl_rendered_rotNum_5.tif
-231.84234206760456,-351.64674258547285,421.19627627314793,CX3CR1eGFP-KontrolleM1_102012D10P5Film+opo60s30000µm²_11-18-05shape analysis cell 1_ZCSEdited__cell004_T010.wrl_rendered_rotNum_5.tif
0,0,0,0
-3781.4462345963775,3559.6075926064163,5193.278525024858,CX3CR1eGFP-KontrolleM1_102012D10P5Film+opo60s30000µm²_11-18-05shape analysis cell 1_ZCSEdited__cell004_T023.wrl_rendered_rotNum_3.tif
1304.790673358749,1326.0746403471285,1860.3635808776046,CX3CR1eGFP-KontrolleM1_102012D10P5Film+opo60s30000µm²_11-18-05shape analysis cell 1_ZCSEdited__cell004_T023.wrl_rendered_rotNum_3.tif
-1886.5618051735662,-437.8672520293669,1936.7093677522948,CX3CR1eGFP-KontrolleM1_102012D10P5Film+opo60s30000µm²_11-18-05shape analysis cell 1_ZCSEdited__cell004_T023.wrl_rendered_rotNum_3.tif
496.76534325866464,-1105.81363305064,1212.2704307635133,CX3CR1eGFP-KontrolleM1_102012D10P5Film+opo60s30000µm²_11-18-05shape analysis cell 1_ZCSEdited__cell004_T023.wrl_rendered_rotNum_3.tif
-245.96804009104952,177.7451913356455,303.4693226492216,CX3CR1eGFP-KontrolleM1_102012D10P5Film+opo60s30000µm²_11-18-05shape analysis cell 1_ZCSEdited__cell004_T023.wrl_rendered_rotNum_3.tif
-267.600531771829,-502.6469748090627,569.4418547044713,CX3CR1eGFP-KontrolleM1_102012D10P5Film+opo60s30000µm²_11-18-05shape analysis cell 1_ZCSEdited__cell004_T023.wrl_rendered_rotNum_3.tif
72.32142665316974,-241.90890962463334,252.48823598126077,CX3CR1eGFP-KontrolleM1_102012D10P5Film+opo60s30000µm²_11-18-05shape analysis cell 1_ZCSEdited__cell004_T023.wrl_rendered_rotNum_3.tif
-314.88913269586294,-249.334922964761,401.65043221661807,CX3CR1eGFP-KontrolleM1_102012D10P5Film+opo60s30000µm²_11-18-05shape analysis cell 1_ZCSEdited__cell004_T023.wrl_rendered_rotNum_3.tif
240.28600615806636,-316.9030486570163,397.69951848538307,CX3CR1eGFP-KontrolleM1_102012D10P5Film+opo60s30000µm²_11-18-05shape analysis cell 1_ZCSEdited__cell004_T023.wrl_rendered_rotNum_3.tif
-160.66417309829183,-159.46057224197432,226.36397817916125,CX3CR1eGFP-KontrolleM1_102012D10P5Film+opo60s30000µm²_11-18-05shape analysis cell 1_ZCSEdited__cell004_T023.wrl_rendered_rotNum_3.tif
-195.7746202299582,-280.3411699859248,341.93401924239936,CX3CR1eGFP-KontrolleM1_102012D10P5Film+opo60s30000µm²_11-18-05shape analysis cell 1_ZCSEdited__cell004_T023.wrl_rendered_rotNum_3.tif
-38.31731595779668,-395.6275704409272,397.47879339054106,CX3CR1eGFP-KontrolleM1_102012D10P5Film+opo60s30000µm²_11-18-05shape analysis cell 1_ZCSEdited__cell004_T023.wrl_rendered_rotNum_3.tif
-345.8618938425941,-176.87008325895926,388.46296601402946,CX3CR1eGFP-KontrolleM1_102012D10P5Film+opo60s30000µm²_11-18-05shape analysis cell 1_ZCSEdited__cell004_T023.wrl_rendered_rotNum_3.tif
-287.65144481855566,-266.57585006085316,392.18112848767856,CX3CR1eGFP-KontrolleM1_102012D10P5Film+opo60s30000µm²_11-18-05shape analysis cell 1_ZCSEdited__cell004_T023.wrl_rendered_rotNum_3.tif
-206.5286712706949,-241.68644450977047,317.9094674850265,CX3CR1eGFP-KontrolleM1_102012D10P5Film+opo60s30000µm²_11-18-05shape analysis cell 1_ZCSEdited__cell004_T023.wrl_rendered_rotNum_3.tif
-351.90488765068665,-223.09847076334012,416.6653064623731,CX3CR1eGFP-KontrolleM1_102012D10P5Film+opo60s30000µm²_11-18-05shape analysis cell 1_ZCSEdited__cell004_T023.wrl_rendered_rotNum_3.tif
-277.20289887225096,-246.78801806279182,371.1411766464889,CX3CR1eGFP-KontrolleM1_102012D10P5Film+opo60s30000µm²_11-18-05shape analysis cell 1_ZCSEdited__cell004_T023.wrl_rendered_rotNum_3.tif
-294.95542732994977,-326.7206835863501,440.16486592471824,CX3CR1eGFP-KontrolleM1_102012D10P5Film+opo60s30000µm²_11-18-05shape analysis cell 1_ZCSEdited__cell004_T023.wrl_rendered_rotNum_3.tif
-331.7591710158497,-304.3462860537584,450.21196051175707,CX3CR1eGFP-KontrolleM1_102012D10P5Film+opo60s30000µm²_11-18-05shape analysis cell 1_ZCSEdited__cell004_T023.wrl_rendered_rotNum_3.tif
0,0,0,0
1084.412014861719,6950.687273226201,7034.7709975638245,CX3CR1eGFP-KontrolleM1_102012D10P5Film+opo60s30000µm²_11-18-05shape analysis cell 1_ZCSEdited__cell004_T023.wrl_rendered_rotNum_1.tif
-138.81521632767087,872.5340606473696,883.5074143853495,CX3CR1eGFP-KontrolleM1_102012D10P5Film+opo60s30000µm²_11-18-05shape analysis cell 1_ZCSEdited__cell004_T023.wrl_rendered_rotNum_1.tif
974.9739664272051,-164.48286280777273,988.751155432062,CX3CR1eGFP-KontrolleM1_102012D10P5Film+opo60s30000µm²_11-18-05shape analysis cell 1_ZCSEdited__cell004_T023.wrl_rendered_rotNum_1.tif
585.6742651585112,-22.107692941336666,586.0913708255313,CX3CR1eGFP-KontrolleM1_102012D10P5Film+opo60s30000µm²_11-18-05shape analysis cell 1_ZCSEdited__cell004_T023.wrl_rendered_rotNum_1.tif
-439.2572145535863,-911.8899762780127,1012.1710474883629,CX3CR1eGFP-KontrolleM1_102012D10P5Film+opo60s30000µm²_11-18-05shape analysis cell 1_ZCSEdited__cell004_T023.wrl_rendered_rotNum_1.tif
-10.097287388638946,-137.05559121252082,137.42703626005465,CX3CR1eGFP-KontrolleM1_102012D10P5Film+opo60s30000µm²_11-18-05shape analysis cell 1_ZCSEdited__cell004_T023.wrl_rendered_rotNum_1.tif
-400.1515515520406,-512.6391175986228,650.3230959313993,CX3CR1eGFP-KontrolleM1_102012D10P5Film+opo60s30000µm²_11-18-05shape analysis cell 1_ZCSEdited__cell004_T023.wrl_rendered_rotNum_1.tif
-259.4292644224836,-16.698910312775922,259.96614557365933,CX3CR1eGFP-KontrolleM1_102012D10P5Film+opo60s30000µm²_11-18-05shape analysis cell 1_ZCSEdited__cell004_T023.wrl_rendered_rotNum_1.tif
-548.5572109692416,-336.731292612269,643.6637143188069,CX3CR1eGFP-KontrolleM1_102012D10P5Film+opo60s30000µm²_11-18-05shape analysis cell 1_ZCSEdited__cell004_T023.wrl_rendered_rotNum_1.tif
-101.44033434715314,-312.4190398007316,328.47495774027175,CX3CR1eGFP-KontrolleM1_102012D10P5Film+opo60s30000µm²_11-18-05shape analysis cell 1_ZCSEdited__cell004_T023.wrl_rendered_rotNum_1.tif
-388.8033449840209,-484.38208650964543,621.1232138651728,CX3CR1eGFP-KontrolleM1_102012D10P5Film+opo60s30000µm²_11-18-05shape analysis cell 1_ZCSEdited__cell004_T023.wrl_rendered_rotNum_1.tif
-365.65514006936,-500.415930975241,619.7739793125882,CX3CR1eGFP-KontrolleM1_102012D10P5Film+opo60s30000µm²_11-18-05shape analysis cell 1_ZCSEdited__cell004_T023.wrl_rendered_rotNum_1.tif
-411.726226805201,-382.60546226389994,562.0546464476745,CX3CR1eGFP-KontrolleM1_102012D10P5Film+opo60s30000µm²_11-18-05shape analysis cell 1_ZCSEdited__cell004_T023.wrl_rendered_rotNum_1.tif
-301.3457866472171,-331.27062173531647,447.82754264887865,CX3CR1eGFP-KontrolleM1_102012D10P5Film+opo60s30000µm²_11-18-05shape analysis cell 1_ZCSEdited__cell004_T023.wrl_rendered_rotNum_1.tif
-263.76954825419375,-272.50171437263776,379.25131367240914,CX3CR1eGFP-KontrolleM1_102012D10P5Film+opo60s30000µm²_11-18-05shape analysis cell 1_ZCSEdited__cell004_T023.wrl_rendered_rotNum_1.tif
-200.9929649014304,-467.6165194797073,508.98269246624005,CX3CR1eGFP-KontrolleM1_102012D10P5Film+opo60s30000µm²_11-18-05shape analysis cell 1_ZCSEdited__cell004_T023.wrl_rendered_rotNum_1.tif
-357.59927419600433,-330.04187710745373,486.6260181598603,CX3CR1eGFP-KontrolleM1_102012D10P5Film+opo60s30000µm²_11-18-05shape analysis cell 1_ZCSEdited__cell004_T023.wrl_rendered_rotNum_1.tif
-270.8690382094209,-376.7820520564026,464.0417552465839,CX3CR1eGFP-KontrolleM1_102012D10P5Film+opo60s30000µm²_11-18-05shape analysis cell 1_ZCSEdited__cell004_T023.wrl_rendered_rotNum_1.tif
-365.34721191058134,-258.94394046040713,447.80637506850894,CX3CR1eGFP-KontrolleM1_102012D10P5Film+opo60s30000µm²_11-18-05shape analysis cell 1_ZCSEdited__cell004_T023.wrl_rendered_rotNum_1.tif
0,0,0,0
4009.0916970313547,4259.498894975985,5849.456989457003,CX3CR1eGFP-KontrolleM1_102012D10P5Film+opo60s30000µm²_11-18-05shape analysis cell 1_ZCSEdited__cell004_T010.wrl_rendered_rotNum_2.tif
-4108.38274218209,-4458.36028814841,6062.654964221401,CX3CR1eGFP-KontrolleM1_102012D10P5Film+opo60s30000µm²_11-18-05shape analysis cell 1_ZCSEdited__cell004_T010.wrl_rendered_rotNum_2.tif
111.81659918490786,1771.2873392514427,1774.8131704621007,CX3CR1eGFP-KontrolleM1_102012D10P5Film+opo60s30000µm²_11-18-05shape analysis cell 1_ZCSEdited__cell004_T010.wrl_rendered_rotNum_2.tif
-2827.6993749468115,919.4055997013671,2973.4139321387493,CX3CR1eGFP-KontrolleM1_102012D10P5Film+opo60s30000µm²_11-18-05shape analysis cell 1_ZCSEdited__cell004_T010.wrl_rendered_rotNum_2.tif
1473.6427752857426,-201.92850734396882,1487.4132415808422,CX3CR1eGFP-KontrolleM1_102012D10P5Film+opo60s30000µm²_11-18-05shape analysis cell 1_ZCSEdited__cell004_T010.wrl_rendered_rotNum_2.tif
346.68481793739306,986.259683330267,1045.4178714518907,CX3CR1eGFP-KontrolleM1_102012D10P5Film+opo60s30000µm²_11-18-05shape analysis cell 1_ZCSEdited__cell004_T010.wrl_rendered_rotNum_2.tif
-1861.923044974901,-386.92936905861535,1901.7023326611095,CX3CR1eGFP-KontrolleM1_102012D10P5Film+opo60s30000µm²_11-18-05shape analysis cell 1_ZCSEdited__cell004_T010.wrl_rendered_rotNum_2.tif
-858.497721805495,38.8057990070443,859.3743237855085,CX3CR1eGFP-KontrolleM1_102012D10P5Film+opo60s30000µm²_11-18-05shape analysis cell 1_ZCSEdited__cell004_T010.wrl_rendered_rotNum_2.tif
204.56962976211702,-618.6799772200518,651.6238544083645,CX3CR1eGFP-KontrolleM1_102012D10P5Film+opo60s30000µm²_11-18-05shape analysis cell 1_ZCSEdited__cell004_T010.wrl_rendered_rotNum_2.tif
365.7156361045011,-934.359234379705,1003.3818342794274,CX3CR1eGFP-KontrolleM1_102012D10P5Film+opo60s30000µm²_11-18-05shape analysis cell 1_ZCSEdited__cell004_T010.wrl_rendered_rotNum_2.tif
-164.66689369668123,-924.8066115346869,939.35214622525,CX3CR1eGFP-KontrolleM1_102012D10P5Film+opo60s30000µm²_11-18-05shape analysis cell 1_ZCSEdited__cell004_T010.wrl_rendered_rotNum_2.tif
212.4357248995123,-469.0672369346031,514.930102032348,CX3CR1eGFP-KontrolleM1_102012D10P5Film+opo60s30000µm²_11-18-05shape analysis cell 1_ZCSEdited__cell004_T010.wrl_rendered_rotNum_2.tif
22.94536752682771,93.84648913270743,96.6108348658502,CX3CR1eGFP-KontrolleM1_102012D10P5Film+opo60s30000µm²_11-18-05shape analysis cell 1_ZCSEdited__cell004_T010.wrl_rendered_rotNum_2.tif
-177.01636883620154,-508.1620453111121,538.1110100441422,CX3CR1eGFP-KontrolleM1_102012D10P5Film+opo60s30000µm²_11-18-05shape analysis cell 1_ZCSEdited__cell004_T010.wrl_rendered_rotNum_2.tif
-651.7101885052815,-262.58991639704243,702.6233941415524,CX3CR1eGFP-KontrolleM1_102012D10P5Film+opo60s30000µm²_11-18-05shape analysis cell 1_ZCSEdited__cell004_T010.wrl_rendered_rotNum_2.tif
-99.18340407758933,-347.1510030663174,361.0417795413277,CX3CR1eGFP-KontrolleM1_102012D10P5Film+opo60s30000µm²_11-18-05shape analysis cell 1_ZCSEdited__cell004_T010.wrl_rendered_rotNum_2.tif
-367.30342570996663,-365.5375245407879,518.198309902381,CX3CR1eGFP-KontrolleM1_102012D10P5Film+opo60s30000µm²_11-18-05shape analysis cell 1_ZCSEdited__cell004_T010.wrl_rendered_rotNum_2.tif
-581.95335405327,-295.50683590012756,652.6821556910802,CX3CR1eGFP-KontrolleM1_102012D10P5Film+opo60s30000µm²_11-18-05shape analysis cell 1_ZCSEdited__cell004_T010.wrl_rendered_rotNum_2.tif
-525.4846462547766,-195.1487280030683,560.5507465794005,CX3CR1eGFP-KontrolleM1_102012D10P5Film+opo60s30000µm²_11-18-05shape analysis cell 1_ZCSEdited__cell004_T010.wrl_rendered_rotNum_2.tif
0,0,0,0
6798.416073291384,6846.782707256294,9648.673201325168,CX3CR1eGFP-KontrolleM1_102012D10P5Film+opo60s30000µm²_11-18-05shape analysis cell 1_ZCSEdited__cell004_T013.wrl_rendered_rotNum_3.tif
2276.528709164787,1199.1973530355688,2573.063787623425,CX3CR1eGFP-KontrolleM1_102012D10P5Film+opo60s30000µm²_11-18-05shape analysis cell 1_ZCSEdited__cell004_T013.wrl_rendered_rotNum_3.tif
1256.0266735934986,-405.32270517029264,1319.8066146617516,CX3CR1eGFP-KontrolleM1_102012D10P5Film+opo60s30000µm²_11-18-05shape analysis cell 1_ZCSEdited__cell004_T013.wrl_rendered_rotNum_3.tif
-1836.4607788837545,-1369.004422016302,2290.5809961401746,CX3CR1eGFP-KontrolleM1_102012D10P5Film+opo60s30000µm²_11-18-05shape analysis cell 1_ZCSEdited__cell004_T013.wrl_rendered_rotNum_3.tif
-768.9524561816474,-719.6268500769017,1053.1622302472645,CX3CR1eGFP-KontrolleM1_102012D10P5Film+opo60s30000µm²_11-18-05shape analysis cell 1_ZCSEdited__cell004_T013.wrl_rendered_rotNum_3.tif
-727.1637905747355,933.5434679346331,1183.3302940626675,CX3CR1eGFP-KontrolleM1_102012D10P5Film+opo60s30000µm²_11-18-05shape analysis cell 1_ZCSEdited__cell004_T013.wrl_rendered_rotNum_3.tif
12.426087797671876,-800.733690903317,800.8301014607307,CX3CR1eGFP-KontrolleM1_102012D10P5Film+opo60s30000µm²_11-18-05shape analysis cell 1_ZCSEdited__cell004_T013.wrl_rendered_rotNum_3.tif
-779.3710011992695,-870.7041028281815,1168.5652708309367,CX3CR1eGFP-KontrolleM1_102012D10P5Film+opo60s30000µm²_11-18-05shape analysis cell 1_ZCSEdited__cell004_T013.wrl_rendered_rotNum_3.tif
-450.7460220770406,1396.2358809061566,1467.1900393432568,CX3CR1eGFP-KontrolleM1_102012D10P5Film+opo60s30000µm²_11-18-05shape analysis cell 1_ZCSEdited__cell004_T013.wrl_rendered_rotNum_3.tif
339.87896095046995,-1045.0851937085233,1098.9634981224594,CX3CR1eGFP-KontrolleM1_102012D10P5Film+opo60s30000µm²_11-18-05shape analysis cell 1_ZCSEdited__cell004_T013.wrl_rendered_rotNum_3.tif
-3.115789928118545,-326.30747916654184,326.3223545926624,CX3CR1eGFP-KontrolleM1_102012D10P5Film+opo60s30000µm²_11-18-05shape analysis cell 1_ZCSEdited__cell004_T013.wrl_rendered_rotNum_3.tif
-497.0448208646841,19.797918011663057,497.4389525419199,CX3CR1eGFP-KontrolleM1_102012D10P5Film+opo60s30000µm²_11-18-05shape analysis cell 1_ZCSEdited__cell004_T013.wrl_rendered_rotNum_3.tif
-273.2502679424297,-517.2064488129981,584.9514677512674,CX3CR1eGFP-KontrolleM1_102012D10P5Film+opo60s30000µm²_11-18-05shape analysis cell 1_ZCSEdited__cell004_T013.wrl_rendered_rotNum_3.tif
-420.3997563966125,-178.29407866959207,456.64508501348155,CX3CR1eGFP-KontrolleM1_102012D10P5Film+opo60s30000µm²_11-18-05shape analysis cell 1_ZCSEdited__cell004_T013.wrl_rendered_rotNum_3.tif
-88.76383849131956,-432.5820101133567,441.5950797930445,CX3CR1eGFP-KontrolleM1_102012D10P5Film+opo60s30000µm²_11-18-05shape analysis cell 1_ZCSEdited__cell004_T013.wrl_rendered_rotNum_3.tif
-503.5991464522773,-333.1499930989662,603.822008715568,CX3CR1eGFP-KontrolleM1_102012D10P5Film+opo60s30000µm²_11-18-05shape analysis cell 1_ZCSEdited__cell004_T013.wrl_rendered_rotNum_3.tif
-265.68680030500065,-347.32442196505707,437.2913559054996,CX3CR1eGFP-KontrolleM1_102012D10P5Film+opo60s30000µm²_11-18-05shape analysis cell 1_ZCSEdited__cell004_T013.wrl_rendered_rotNum_3.tif
-295.8281262187836,-455.61792348627915,543.232889711278,CX3CR1eGFP-KontrolleM1_102012D10P5Film+opo60s30000µm²_11-18-05shape analysis cell 1_ZCSEdited__cell004_T013.wrl_rendered_rotNum_3.tif
-236.68235521229116,-467.6728190531189,524.1530339031993,CX3CR1eGFP-KontrolleM1_102012D10P5Film+opo60s30000µm²_11-18-05shape analysis cell 1_ZCSEdited__cell004_T013.wrl_rendered_rotNum_3.tif
0,0,0,0
-2600.7661204257743,3232.7333785806914,4149.041999081747,CX3CR1eGFP-KontrolleM1_102012D10P5Film+opo60s30000µm²_11-18-05shape analysis cell 1_ZCSEdited__cell004_T010.wrl_rendered_rotNum_3.tif
7222.12929698751,3699.242648238692,8114.403721343504,CX3CR1eGFP-KontrolleM1_102012D10P5Film+opo60s30000µm²_11-18-05shape analysis cell 1_ZCSEdited__cell004_T010.wrl_rendered_rotNum_3.tif
1966.110327268662,4153.673975924027,4595.497504869413,CX3CR1eGFP-KontrolleM1_102012D10P5Film+opo60s30000µm²_11-18-05shape analysis cell 1_ZCSEdited__cell004_T010.wrl_rendered_rotNum_3.tif
-1186.7140217738772,3476.2658798638636,3673.243068050413,CX3CR1eGFP-KontrolleM1_102012D10P5Film+opo60s30000µm²_11-18-05shape analysis cell 1_ZCSEdited__cell004_T010.wrl_rendered_rotNum_3.tif
714.784310547345,748.4248182842096,1034.9185084963915,CX3CR1eGFP-KontrolleM1_102012D10P5Film+opo60s30000µm²_11-18-05shape analysis cell 1_ZCSEdited__cell004_T010.wrl_rendered_rotNum_3.tif
-1614.1089112374086,-654.5541418160658,1741.7774547583797,CX3CR1eGFP-KontrolleM1_102012D10P5Film+opo60s30000µm²_11-18-05shape analysis cell 1_ZCSEdited__cell004_T010.wrl_rendered_rotNum_3.tif
-605.6242009082205,275.6516396942508,665.4055148492907,CX3CR1eGFP-KontrolleM1_102012D10P5Film+opo60s30000µm²_11-18-05shape analysis cell 1_ZCSEdited__cell004_T010.wrl_rendered_rotNum_3.tif
175.28178707466597,470.0936023812359,501.7087799509353,CX3CR1eGFP-KontrolleM1_102012D10P5Film+opo60s30000µm²_11-18-05shape analysis cell 1_ZCSEdited__cell004_T010.wrl_rendered_rotNum_3.tif
590.2458670207279,-583.5914409586092,830.0416576866469,CX3CR1eGFP-KontrolleM1_102012D10P5Film+opo60s30000µm²_11-18-05shape analysis cell 1_ZCSEdited__cell004_T010.wrl_rendered_rotNum_3.tif
-825.7467283769395,293.15333118865027,876.239998523362,CX3CR1eGFP-KontrolleM1_102012D10P5Film+opo60s30000µm²_11-18-05shape analysis cell 1_ZCSEdited__cell004_T010.wrl_rendered_rotNum_3.tif
-398.48581438485957,-90.3267938785101,408.5949999184224,CX3CR1eGFP-KontrolleM1_102012D10P5Film+opo60s30000µm²_11-18-05shape analysis cell 1_ZCSEdited__cell004_T010.wrl_rendered_rotNum_3.tif
108.59904150966304,-139.08503266495137,176.46075520700944,CX3CR1eGFP-KontrolleM1_102012D10P5Film+opo60s30000µm²_11-18-05shape analysis cell 1_ZCSEdited__cell004_T010.wrl_rendered_rotNum_3.tif
-856.4736653924465,-17.92938604458203,856.6613113679805,CX3CR1eGFP-KontrolleM1_102012D10P5Film+opo60s30000µm²_11-18-05shape analysis cell 1_ZCSEdited__cell004_T010.wrl_rendered_rotNum_3.tif
-250.79399781201084,-589.2445278865816,640.3957705847309,CX3CR1eGFP-KontrolleM1_102012D10P5Film+opo60s30000µm²_11-18-05shape analysis cell 1_ZCSEdited__cell004_T010.wrl_rendered_rotNum_3.tif
-224.76158575453692,-364.245173585831,428.009715907789,CX3CR1eGFP-KontrolleM1_102012D10P5Film+opo60s30000µm²_11-18-05shape analysis cell 1_ZCSEdited__cell004_T010.wrl_rendered_rotNum_3.tif
-125.18055789604982,-689.9729806712968,701.2366833898524,CX3CR1eGFP-KontrolleM1_102012D10P5Film+opo60s30000µm²_11-18-05shape analysis cell 1_ZCSEdited__cell004_T010.wrl_rendered_rotNum_3.tif
-530.2494101443409,-360.9819959913959,641.461174498,CX3CR1eGFP-KontrolleM1_102012D10P5Film+opo60s30000µm²_11-18-05shape analysis cell 1_ZCSEdited__cell004_T010.wrl_rendered_rotNum_3.tif
-454.8704500729384,-471.10021291659586,654.8607004238531,CX3CR1eGFP-KontrolleM1_102012D10P5Film+opo60s30000µm²_11-18-05shape analysis cell 1_ZCSEdited__cell004_T010.wrl_rendered_rotNum_3.tif
-264.8771883255934,-247.15585381020105,362.27881661494,CX3CR1eGFP-KontrolleM1_102012D10P5Film+opo60s30000µm²_11-18-05shape analysis cell 1_ZCSEdited__cell004_T010.wrl_rendered_rotNum_3.tif
0,0,0,0
-6186.250676500984,-3980.736089467179,7356.354888563719,CX3CR1eGFP-KontrolleM1_102012D10P5Film+opo60s30000µm²_11-18-05shape analysis cell 1_ZCSEdited__cell004_T010.wrl_rendered_rotNum_4.tif
-6586.003954477248,7749.96984768645,10170.421855972301,CX3CR1eGFP-KontrolleM1_102012D10P5Film+opo60s30000µm²_11-18-05shape analysis cell 1_ZCSEdited__cell004_T010.wrl_rendered_rotNum_4.tif
4499.90914742565,-2847.3564574614,5325.0935325994205,CX3CR1eGFP-KontrolleM1_102012D10P5Film+opo60s30000µm²_11-18-05shape analysis cell 1_ZCSEdited__cell004_T010.wrl_rendered_rotNum_4.tif
1158.564270493696,1378.3826256948698,1800.61373750232,CX3CR1eGFP-KontrolleM1_102012D10P5Film+opo60s30000µm²_11-18-05shape analysis cell 1_ZCSEdited__cell004_T010.wrl_rendered_rotNum_4.tif
449.61363082011377,-1384.0062280950292,1455.2063965036284,CX3CR1eGFP-KontrolleM1_102012D10P5Film+opo60s30000µm²_11-18-05shape analysis cell 1_ZCSEdited__cell004_T010.wrl_rendered_rotNum_4.tif
-268.1941302103491,603.0240201093072,659.9742876113249,CX3CR1eGFP-KontrolleM1_102012D10P5Film+opo60s30000µm²_11-18-05shape analysis cell 1_ZCSEdited__cell004_T010.wrl_rendered_rotNum_4.tif
317.9603735160434,-865.4997442974094,922.0567262947236,CX3CR1eGFP-KontrolleM1_102012D10P5Film+opo60s30000µm²_11-18-05shape analysis cell 1_ZCSEdited__cell004_T010.wrl_rendered_rotNum_4.tif
-705.3197302331379,-1022.0172217641439,1241.7709625525335,CX3CR1eGFP-KontrolleM1_102012D10P5Film+opo60s30000µm²_11-18-05shape analysis cell 1_ZCSEdited__cell004_T010.wrl_rendered_rotNum_4.tif
-670.6856810672382,-125.66725660255412,682.3573419921833,CX3CR1eGFP-KontrolleM1_102012D10P5Film+opo60s30000µm²_11-18-05shape analysis cell 1_ZCSEdited__cell004_T010.wrl_rendered_rotNum_4.tif
-9.318437791497715,980.7352449412352,980.7795134243061,CX3CR1eGFP-KontrolleM1_102012D10P5Film+opo60s30000µm²_11-18-05shape analysis cell 1_ZCSEdited__cell004_T010.wrl_rendered_rotNum_4.tif
-360.51162852815906,-599.0480708203593,699.1618020584502,CX3CR1eGFP-KontrolleM1_102012D10P5Film+opo60s30000µm²_11-18-05shape analysis cell 1_ZCSEdited__cell004_T010.wrl_rendered_rotNum_4.tif
-408.0091452575287,-342.468687790015,532.6877741514197,CX3CR1eGFP-KontrolleM1_102012D10P5Film+opo60s30000µm²_11-18-05shape analysis cell 1_ZCSEdited__cell004_T010.wrl_rendered_rotNum_4.tif
152.04188495942313,-82.93537212183276,173.1906773790129,CX3CR1eGFP-KontrolleM1_102012D10P5Film+opo60s30000µm²_11-18-05shape analysis cell 1_ZCSEdited__cell004_T010.wrl_rendered_rotNum_4.tif
136.95440096991365,468.1243793414395,487.7468016080022,CX3CR1eGFP-KontrolleM1_102012D10P5Film+opo60s30000µm²_11-18-05shape analysis cell 1_ZCSEdited__cell004_T010.wrl_rendered_rotNum_4.tif
-255.59219358013053,-536.0304725674371,593.8484966218007,CX3CR1eGFP-KontrolleM1_102012D10P5Film+opo60s30000µm²_11-18-05shape analysis cell 1_ZCSEdited__cell004_T010.wrl_rendered_rotNum_4.tif
-535.4123583937043,395.4752785475769,665.6328488461128,CX3CR1eGFP-KontrolleM1_102012D10P5Film+opo60s30000µm²_11-18-05shape analysis cell 1_ZCSEdited__cell004_T010.wrl_rendered_rotNum_4.tif
-284.62576526007,-417.46019798600577,505.2572049485248,CX3CR1eGFP-KontrolleM1_102012D10P5Film+opo60s30000µm²_11-18-05shape analysis cell 1_ZCSEdited__cell004_T010.wrl_rendered_rotNum_4.tif
-513.992876077837,-458.87117837912183,689.0220860072706,CX3CR1eGFP-KontrolleM1_102012D10P5Film+opo60s30000µm²_11-18-05shape analysis cell 1_ZCSEdited__cell004_T010.wrl_rendered_rotNum_4.tif
-523.6925447670926,-239.47980469746813,575.8510730237209,CX3CR1eGFP-KontrolleM1_102012D10P5Film+opo60s30000µm²_11-18-05shape analysis cell 1_ZCSEdited__cell004_T010.wrl_rendered_rotNum_4.tif
0,0,0,0
-6026.208771336666,-2346.2883597538244,6466.8586827648605,CX3CR1eGFP-KontrolleM1_102012D10P5Film+opo60s30000µm²_11-18-05shape analysis cell 1_ZCSEdited__cell004_T010.wrl_rendered_rotNum_1.tif
-4518.333015373152,2270.7419868754123,5056.8371942123995,CX3CR1eGFP-KontrolleM1_102012D10P5Film+opo60s30000µm²_11-18-05shape analysis cell 1_ZCSEdited__cell004_T010.wrl_rendered_rotNum_1.tif
2828.358993343518,3842.50473222252,4771.2112940404995,CX3CR1eGFP-KontrolleM1_102012D10P5Film+opo60s30000µm²_11-18-05shape analysis cell 1_ZCSEdited__cell004_T010.wrl_rendered_rotNum_1.tif
-644.6516717752686,-2619.5851645234584,2697.7402047109804,CX3CR1eGFP-KontrolleM1_102012D10P5Film+opo60s30000µm²_11-18-05shape analysis cell 1_ZCSEdited__cell004_T010.wrl_rendered_rotNum_1.tif
-2241.0821944242357,1868.5910210365753,2917.8899578400587,CX3CR1eGFP-KontrolleM1_102012D10P5Film+opo60s30000µm²_11-18-05shape analysis cell 1_ZCSEdited__cell004_T010.wrl_rendered_rotNum_1.tif
295.47383256984955,-2013.5935868497277,2035.1569764359376,CX3CR1eGFP-KontrolleM1_102012D10P5Film+opo60s30000µm²_11-18-05shape analysis cell 1_ZCSEdited__cell004_T010.wrl_rendered_rotNum_1.tif
500.3204202279626,-369.57693895069553,622.0190002735055,CX3CR1eGFP-KontrolleM1_102012D10P5Film+opo60s30000µm²_11-18-05shape analysis cell 1_ZCSEdited__cell004_T010.wrl_rendered_rotNum_1.tif
-723.3270905020934,-382.8586381297261,818.402600585294,CX3CR1eGFP-KontrolleM1_102012D10P5Film+opo60s30000µm²_11-18-05shape analysis cell 1_ZCSEdited__cell004_T010.wrl_rendered_rotNum_1.tif
-70.69381836205146,-107.42687758861024,128.6007386566849,CX3CR1eGFP-KontrolleM1_102012D10P5Film+opo60s30000µm²_11-18-05shape analysis cell 1_ZCSEdited__cell004_T010.wrl_rendered_rotNum_1.tif
647.6801589550679,188.55558368320357,674.5686002492079,CX3CR1eGFP-KontrolleM1_102012D10P5Film+opo60s30000µm²_11-18-05shape analysis cell 1_ZCSEdited__cell004_T010.wrl_rendered_rotNum_1.tif
-835.1202861214292,92.39368676948885,840.2157375617267,CX3CR1eGFP-KontrolleM1_102012D10P5Film+opo60s30000µm²_11-18-05shape analysis cell 1_ZCSEdited__cell004_T010.wrl_rendered_rotNum_1.tif
-448.71390867046216,-31.288030018510028,449.80341556813795,CX3CR1eGFP-KontrolleM1_102012D10P5Film+opo60s30000µm²_11-18-05shape analysis cell 1_ZCSEdited__cell004_T010.wrl_rendered_rotNum_1.tif
-48.992723956777624,-255.31221978049933,259.97041479743615,CX3CR1eGFP-KontrolleM1_102012D10P5Film+opo60s30000µm²_11-18-05shape analysis cell 1_ZCSEdited__cell004_T010.wrl_rendered_rotNum_1.tif
142.81126990304907,-691.576748627374,706.1681514011599,CX3CR1eGFP-KontrolleM1_102012D10P5Film+opo60s30000µm²_11-18-05shape analysis cell 1_ZCSEdited__cell004_T010.wrl_rendered_rotNum_1.tif
-116.77552045280311,-194.85865723996324,227.1704612804766,CX3CR1eGFP-KontrolleM1_102012D10P5Film+opo60s30000µm²_11-18-05shape analysis cell 1_ZCSEdited__cell004_T010.wrl_rendered_rotNum_1.tif
-378.9330608109043,-196.60249714484348,426.8990588641637,CX3CR1eGFP-KontrolleM1_102012D10P5Film+opo60s30000µm²_11-18-05shape analysis cell 1_ZCSEdited__cell004_T010.wrl_rendered_rotNum_1.tif
-168.29800807100037,-235.76640826236934,289.67226098749035,CX3CR1eGFP-KontrolleM1_102012D10P5Film+opo60s30000µm²_11-18-05shape analysis cell 1_ZCSEdited__cell004_T010.wrl_rendered_rotNum_1.tif
-269.50365896544827,86.978934009542,283.19173214838196,CX3CR1eGFP-KontrolleM1_102012D10P5Film+opo60s30000µm²_11-18-05shape analysis cell 1_ZCSEdited__cell004_T010.wrl_rendered_rotNum_1.tif
-317.5270610280035,-116.53182285008046,338.2352734737227,CX3CR1eGFP-KontrolleM1_102012D10P5Film+opo60s30000µm²_11-18-05shape analysis cell 1_ZCSEdited__cell004_T010.wrl_rendered_rotNum_1.tif
0,0,0,0
8055.788362803424,3521.7582340566487,8791.95696107669,CX3CR1eGFP-KontrolleM1_102012D10P5Film+opo60s30000µm²_11-18-05shape analysis cell 1_ZCSEdited__cell004_T013.wrl_rendered_rotNum_6.tif
-2917.1392467970736,6579.199046833274,7196.913330244825,CX3CR1eGFP-KontrolleM1_102012D10P5Film+opo60s30000µm²_11-18-05shape analysis cell 1_ZCSEdited__cell004_T013.wrl_rendered_rotNum_6.tif
-6427.7405508975735,2662.627895582669,6957.4015192446695,CX3CR1eGFP-KontrolleM1_102012D10P5Film+opo60s30000µm²_11-18-05shape analysis cell 1_ZCSEdited__cell004_T013.wrl_rendered_rotNum_6.tif
-1316.589459476732,-2629.4692171108977,2940.665939636638,CX3CR1eGFP-KontrolleM1_102012D10P5Film+opo60s30000µm²_11-18-05shape analysis cell 1_ZCSEdited__cell004_T013.wrl_rendered_rotNum_6.tif
-1247.0442427158446,4433.230055174182,4605.28479742463,CX3CR1eGFP-KontrolleM1_102012D10P5Film+opo60s30000µm²_11-18-05shape analysis cell 1_ZCSEdited__cell004_T013.wrl_rendered_rotNum_6.tif
-6677.5826899199,-142.68222492808553,6679.1068862557,CX3CR1eGFP-KontrolleM1_102012D10P5Film+opo60s30000µm²_11-18-05shape analysis cell 1_ZCSEdited__cell004_T013.wrl_rendered_rotNum_6.tif
-788.7640861485331,-526.8596676972072,948.5409285021613,CX3CR1eGFP-KontrolleM1_102012D10P5Film+opo60s30000µm²_11-18-05shape analysis cell 1_ZCSEdited__cell004_T013.wrl_rendered_rotNum_6.tif
-3430.8319867309283,1674.4765020286022,3817.653687413518,CX3CR1eGFP-KontrolleM1_102012D10P5Film+opo60s30000µm²_11-18-05shape analysis cell 1_ZCSEdited__cell004_T013.wrl_rendered_rotNum_6.tif
120.92511885530183,-1255.9076830067445,1261.7158921902897,CX3CR1eGFP-KontrolleM1_102012D10P5Film+opo60s30000µm²_11-18-05shape analysis cell 1_ZCSEdited__cell004_T013.wrl_rendered_rotNum_6.tif
664.864293368424,1862.4557098363948,1977.570681340741,CX3CR1eGFP-KontrolleM1_102012D10P5Film+opo60s30000µm²_11-18-05shape analysis cell 1_ZCSEdited__cell004_T013.wrl_rendered_rotNum_6.tif
1973.800048839011,884.0893787431172,2162.75302852713,CX3CR1eGFP-KontrolleM1_102012D10P5Film+opo60s30000µm²_11-18-05shape analysis cell 1_ZCSEdited__cell004_T013.wrl_rendered_rotNum_6.tif
1119.9115283519614,961.2483160727561,1475.8726762455951,CX3CR1eGFP-KontrolleM1_102012D10P5Film+opo60s30000µm²_11-18-05shape analysis cell 1_ZCSEdited__cell004_T013.wrl_rendered_rotNum_6.tif
373.59278294740875,-1135.2382243544712,1195.1307014322251,CX3CR1eGFP-KontrolleM1_102012D10P5Film+opo60s30000µm²_11-18-05shape analysis cell 1_ZCSEdited__cell004_T013.wrl_rendered_rotNum_6.tif
-862.8917966109243,-630.27645933284,1068.5647700759978,CX3CR1eGFP-KontrolleM1_102012D10P5Film+opo60s30000µm²_11-18-05shape analysis cell 1_ZCSEdited__cell004_T013.wrl_rendered_rotNum_6.tif
-706.7133573370959,-989.7309229302771,1216.145990102787,CX3CR1eGFP-KontrolleM1_102012D10P5Film+opo60s30000µm²_11-18-05shape analysis cell 1_ZCSEdited__cell004_T013.wrl_rendered_rotNum_6.tif
-853.2578826645994,520.2236379534684,999.3406065075193,CX3CR1eGFP-KontrolleM1_102012D10P5Film+opo60s30000µm²_11-18-05shape analysis cell 1_ZCSEdited__cell004_T013.wrl_rendered_rotNum_6.tif
1154.70783799536,-328.0069243773377,1200.3910752614747,CX3CR1eGFP-KontrolleM1_102012D10P5Film+opo60s30000µm²_11-18-05shape analysis cell 1_ZCSEdited__cell004_T013.wrl_rendered_rotNum_6.tif
-510.4223872357169,1074.9552705418137,1189.9831288959654,CX3CR1eGFP-KontrolleM1_102012D10P5Film+opo60s30000µm²_11-18-05shape analysis cell 1_ZCSEdited__cell004_T013.wrl_rendered_rotNum_6.tif
-256.00789130453586,343.4114845855269,428.33571898153747,CX3CR1eGFP-KontrolleM1_102012D10P5Film+opo60s30000µm²_11-18-05shape analysis cell 1_ZCSEdited__cell004_T013.wrl_rendered_rotNum_6.tif
0,0,0,0
-3682.658606036121,-4288.460363497057,5652.6866796150325,CX3CR1eGFP-KontrolleM1_102012D10P5Film+opo60s30000µm²_11-18-05shape analysis cell 1_ZCSEdited__cell004_T023.wrl_rendered_rotNum_2.tif
-5583.0261071105515,2.0048740997880827,5583.026467087377,CX3CR1eGFP-KontrolleM1_102012D10P5Film+opo60s30000µm²_11-18-05shape analysis cell 1_ZCSEdited__cell004_T023.wrl_rendered_rotNum_2.tif
921.6133232605926,-2793.6684374113015,2941.7604348076234,CX3CR1eGFP-KontrolleM1_102012D10P5Film+opo60s30000µm²_11-18-05shape analysis cell 1_ZCSEdited__cell004_T023.wrl_rendered_rotNum_2.tif
1281.2335051194632,573.8230999075446,1403.8633283294387,CX3CR1eGFP-KontrolleM1_102012D10P5Film+opo60s30000µm²_11-18-05shape analysis cell 1_ZCSEdited__cell004_T023.wrl_rendered_rotNum_2.tif
-269.7711019642213,-146.33785988826554,306.90587594842157,CX3CR1eGFP-KontrolleM1_102012D10P5Film+opo60s30000µm²_11-18-05shape analysis cell 1_ZCSEdited__cell004_T023.wrl_rendered_rotNum_2.tif
-869.0090695513968,-371.88516007049,945.2382425839733,CX3CR1eGFP-KontrolleM1_102012D10P5Film+opo60s30000µm²_11-18-05shape analysis cell 1_ZCSEdited__cell004_T023.wrl_rendered_rotNum_2.tif
-22.85483668760373,-58.600574226789604,62.899688868280705,CX3CR1eGFP-KontrolleM1_102012D10P5Film+opo60s30000µm²_11-18-05shape analysis cell 1_ZCSEdited__cell004_T023.wrl_rendered_rotNum_2.tif
60.60011305784219,173.0969234770796,183.3982514089303,CX3CR1eGFP-KontrolleM1_102012D10P5Film+opo60s30000µm²_11-18-05shape analysis cell 1_ZCSEdited__cell004_T023.wrl_rendered_rotNum_2.tif
-292.1003788877647,-541.4634183288315,615.2278153129284,CX3CR1eGFP-KontrolleM1_102012D10P5Film+opo60s30000µm²_11-18-05shape analysis cell 1_ZCSEdited__cell004_T023.wrl_rendered_rotNum_2.tif
-190.3367630440652,-32.71860827559556,193.12843056780764,CX3CR1eGFP-KontrolleM1_102012D10P5Film+opo60s30000µm²_11-18-05shape analysis cell 1_ZCSEdited__cell004_T023.wrl_rendered_rotNum_2.tif
-302.3845249384575,-18.69297691916148,302.9617604721047,CX3CR1eGFP-KontrolleM1_102012D10P5Film+opo60s30000µm²_11-18-05shape analysis cell 1_ZCSEdited__cell004_T023.wrl_rendered_rotNum_2.tif
-21.375041041080287,-209.27252298979892,210.3613112195866,CX3CR1eGFP-KontrolleM1_102012D10P5Film+opo60s30000µm²_11-18-05shape analysis cell 1_ZCSEdited__cell004_T023.wrl_rendered_rotNum_2.tif
-497.0561292195236,-253.6285102229491,558.0252832915444,CX3CR1eGFP-KontrolleM1_102012D10P5Film+opo60s30000µm²_11-18-05shape analysis cell 1_ZCSEdited__cell004_T023.wrl_rendered_rotNum_2.tif
-443.04180871098663,-108.42166636961406,456.1154481096495,CX3CR1eGFP-KontrolleM1_102012D10P5Film+opo60s30000µm²_11-18-05shape analysis cell 1_ZCSEdited__cell004_T023.wrl_rendered_rotNum_2.tif
-63.696088459116226,-328.7693546984608,334.88278587266007,CX3CR1eGFP-KontrolleM1_102012D10P5Film+opo60s30000µm²_11-18-05shape analysis cell 1_ZCSEdited__cell004_T023.wrl_rendered_rotNum_2.tif
-237.98602791297208,-329.23543108240204,406.2429304760995,CX3CR1eGFP-KontrolleM1_102012D10P5Film+opo60s30000µm²_11-18-05shape analysis cell 1_ZCSEdited__cell004_T023.wrl_rendered_rotNum_2.tif
-327.853625546546,-101.22779717204656,343.12543873096877,CX3CR1eGFP-KontrolleM1_102012D10P5Film+opo60s30000µm²_11-18-05shape analysis cell 1_ZCSEdited__cell004_T023.wrl_rendered_rotNum_2.tif
-205.21817887489414,-329.0731953260485,387.8191186917217,CX3CR1eGFP-KontrolleM1_102012D10P5Film+opo60s30000µm²_11-18-05shape analysis cell 1_ZCSEdited__cell004_T023.wrl_rendered_rotNum_2.tif
-328.45755839871276,-285.590862922459,435.2545331803433,CX3CR1eGFP-KontrolleM1_102012D10P5Film+opo60s30000µm²_11-18-05shape analysis cell 1_ZCSEdited__cell004_T023.wrl_rendered_rotNum_2.tif
0,0,0,0
6419.2432999067105,-6639.333749085673,9235.119770481875,CX3CR1eGFP-KontrolleM1_102012D10P5Film+opo60s30000µm²_11-18-05shape analysis cell 1_ZCSEdited__cell004_T013.wrl_rendered_rotNum_5.tif
-644.7791042079881,-9747.39695659052,9768.699377223838,CX3CR1eGFP-KontrolleM1_102012D10P5Film+opo60s30000µm²_11-18-05shape analysis cell 1_ZCSEdited__cell004_T013.wrl_rendered_rotNum_5.tif
-2363.5445437885814,375.1998404459157,2393.139722361278,CX3CR1eGFP-KontrolleM1_102012D10P5Film+opo60s30000µm²_11-18-05shape analysis cell 1_ZCSEdited__cell004_T013.wrl_rendered_rotNum_5.tif
-822.3264030917491,2036.3939945073412,2196.160562000734,CX3CR1eGFP-KontrolleM1_102012D10P5Film+opo60s30000µm²_11-18-05shape analysis cell 1_ZCSEdited__cell004_T013.wrl_rendered_rotNum_5.tif
2841.72107713959,1758.757124380137,3341.94633452084,CX3CR1eGFP-KontrolleM1_102012D10P5Film+opo60s30000µm²_11-18-05shape analysis cell 1_ZCSEdited__cell004_T013.wrl_rendered_rotNum_5.tif
-560.4621648420667,259.4531386527509,617.6032459242904,CX3CR1eGFP-KontrolleM1_102012D10P5Film+opo60s30000µm²_11-18-05shape analysis cell 1_ZCSEdited__cell004_T013.wrl_rendered_rotNum_5.tif
2049.0803345675704,2240.476281184733,3036.1923825842982,CX3CR1eGFP-KontrolleM1_102012D10P5Film+opo60s30000µm²_11-18-05shape analysis cell 1_ZCSEdited__cell004_T013.wrl_rendered_rotNum_5.tif
60.68702840251611,288.00671802991656,294.3310806671488,CX3CR1eGFP-KontrolleM1_102012D10P5Film+opo60s30000µm²_11-18-05shape analysis cell 1_ZCSEdited__cell004_T013.wrl_rendered_rotNum_5.tif
82.90823540454885,921.6939346284652,925.4153038656739,CX3CR1eGFP-KontrolleM1_102012D10P5Film+opo60s30000µm²_11-18-05shape analysis cell 1_ZCSEdited__cell004_T013.wrl_rendered_rotNum_5.tif
15.314969540979572,-820.7061517125026,820.8490334713116,CX3CR1eGFP-KontrolleM1_102012D10P5Film+opo60s30000µm²_11-18-05shape analysis cell 1_ZCSEdited__cell004_T013.wrl_rendered_rotNum_5.tif
-918.7367050156225,805.4915975386007,1221.840352438996,CX3CR1eGFP-KontrolleM1_102012D10P5Film+opo60s30000µm²_11-18-05shape analysis cell 1_ZCSEdited__cell004_T013.wrl_rendered_rotNum_5.tif
783.9270291723448,298.18897531798103,838.7241811633701,CX3CR1eGFP-KontrolleM1_102012D10P5Film+opo60s30000µm²_11-18-05shape analysis cell 1_ZCSEdited__cell004_T013.wrl_rendered_rotNum_5.tif
-717.9042631593582,-874.3771059812146,1131.3363136249386,CX3CR1eGFP-KontrolleM1_102012D10P5Film+opo60s30000µm²_11-18-05shape analysis cell 1_ZCSEdited__cell004_T013.wrl_rendered_rotNum_5.tif
-614.737075867182,-466.1897240994182,771.5144401121895,CX3CR1eGFP-KontrolleM1_102012D10P5Film+opo60s30000µm²_11-18-05shape analysis cell 1_ZCSEdited__cell004_T013.wrl_rendered_rotNum_5.tif
-92.23597322297213,-383.7403098050383,394.66960881939673,CX3CR1eGFP-KontrolleM1_102012D10P5Film+opo60s30000µm²_11-18-05shape analysis cell 1_ZCSEdited__cell004_T013.wrl_rendered_rotNum_5.tif
-78.06279416372763,-836.1730507391455,839.8090084150432,CX3CR1eGFP-KontrolleM1_102012D10P5Film+opo60s30000µm²_11-18-05shape analysis cell 1_ZCSEdited__cell004_T013.wrl_rendered_rotNum_5.tif
-758.778328092772,-1196.52794734706,1416.8357985193031,CX3CR1eGFP-KontrolleM1_102012D10P5Film+opo60s30000µm²_11-18-05shape analysis cell 1_ZCSEdited__cell004_T013.wrl_rendered_rotNum_5.tif
-640.5403091887733,-224.64564960929056,678.791245954181,CX3CR1eGFP-KontrolleM1_102012D10P5Film+opo60s30000µm²_11-18-05shape analysis cell 1_ZCSEdited__cell004_T013.wrl_rendered_rotNum_5.tif
-665.9047330219768,-379.79918140143195,766.6006337424122,CX3CR1eGFP-KontrolleM1_102012D10P5Film+opo60s30000µm²_11-18-05shape analysis cell 1_ZCSEdited__cell004_T013.wrl_rendered_rotNum_5.tif
0,0,0,0
-4913.112007308981,-9850.271095508448,11007.566045742033,CX3CR1eGFP-KontrolleM1_102012D10P5Film+opo60s30000µm²_11-18-05shape analysis cell 1_ZCSEdited__cell004_T013.wrl_rendered_rotNum_2.tif
-5062.195200771938,929.4425077848941,5146.812958132044,CX3CR1eGFP-KontrolleM1_102012D10P5Film+opo60s30000µm²_11-18-05shape analysis cell 1_ZCSEdited__cell004_T013.wrl_rendered_rotNum_2.tif
257.48388118706544,1385.9006295816448,1409.6164386619341,CX3CR1eGFP-KontrolleM1_102012D10P5Film+opo60s30000µm²_11-18-05shape analysis cell 1_ZCSEdited__cell004_T013.wrl_rendered_rotNum_2.tif
-547.0592308434484,-1782.615703413863,1864.6695546687963,CX3CR1eGFP-KontrolleM1_102012D10P5Film+opo60s30000µm²_11-18-05shape analysis cell 1_ZCSEdited__cell004_T013.wrl_rendered_rotNum_2.tif
-660.3889718275531,-1131.3342833089525,1309.9736083988998,CX3CR1eGFP-KontrolleM1_102012D10P5Film+opo60s30000µm²_11-18-05shape analysis cell 1_ZCSEdited__cell004_T013.wrl_rendered_rotNum_2.tif
615.7563642801774,692.3375780631154,926.545855395103,CX3CR1eGFP-KontrolleM1_102012D10P5Film+opo60s30000µm²_11-18-05shape analysis cell 1_ZCSEdited__cell004_T013.wrl_rendered_rotNum_2.tif
-196.39938354367763,-653.0103896801697,681.9056290181096,CX3CR1eGFP-KontrolleM1_102012D10P5Film+opo60s30000µm²_11-18-05shape analysis cell 1_ZCSEdited__cell004_T013.wrl_rendered_rotNum_2.tif
-116.01474860336481,-214.90196006235868,244.217678172866,CX3CR1eGFP-KontrolleM1_102012D10P5Film+opo60s30000µm²_11-18-05shape analysis cell 1_ZCSEdited__cell004_T013.wrl_rendered_rotNum_2.tif
295.224038527766,192.807298315467,352.6072704984305,CX3CR1eGFP-KontrolleM1_102012D10P5Film+opo60s30000µm²_11-18-05shape analysis cell 1_ZCSEdited__cell004_T013.wrl_rendered_rotNum_2.tif
-912.0123374129861,-373.3744247303734,985.4820975726731,CX3CR1eGFP-KontrolleM1_102012D10P5Film+opo60s30000µm²_11-18-05shape analysis cell 1_ZCSEdited__cell004_T013.wrl_rendered_rotNum_2.tif
386.4811164140034,-562.5447181769467,682.5131597950291,CX3CR1eGFP-KontrolleM1_102012D10P5Film+opo60s30000µm²_11-18-05shape analysis cell 1_ZCSEdited__cell004_T013.wrl_rendered_rotNum_2.tif
-392.73663723483065,-576.3056660126897,697.4025286051469,CX3CR1eGFP-KontrolleM1_102012D10P5Film+opo60s30000µm²_11-18-05shape analysis cell 1_ZCSEdited__cell004_T013.wrl_rendered_rotNum_2.tif
528.606493157471,690.3244406772809,869.466881488099,CX3CR1eGFP-KontrolleM1_102012D10P5Film+opo60s30000µm²_11-18-05shape analysis cell 1_ZCSEdited__cell004_T013.wrl_rendered_rotNum_2.tif
-392.2448038069314,-75.57826083543097,399.4597096384647,CX3CR1eGFP-KontrolleM1_102012D10P5Film+opo60s30000µm²_11-18-05shape analysis cell 1_ZCSEdited__cell004_T013.wrl_rendered_rotNum_2.tif
-649.2979402163049,178.2069223017128,673.3093808386936,CX3CR1eGFP-KontrolleM1_102012D10P5Film+opo60s30000µm²_11-18-05shape analysis cell 1_ZCSEdited__cell004_T013.wrl_rendered_rotNum_2.tif
8.046428846589372,-648.1730306331406,648.2229729478379,CX3CR1eGFP-KontrolleM1_102012D10P5Film+opo60s30000µm²_11-18-05shape analysis cell 1_ZCSEdited__cell004_T013.wrl_rendered_rotNum_2.tif
-297.0579417925788,-146.9920725354504,331.43640441313966,CX3CR1eGFP-KontrolleM1_102012D10P5Film+opo60s30000µm²_11-18-05shape analysis cell 1_ZCSEdited__cell004_T013.wrl_rendered_rotNum_2.tif
-268.5877729860877,-277.35196629623306,386.0874318156614,CX3CR1eGFP-KontrolleM1_102012D10P5Film+opo60s30000µm²_11-18-05shape analysis cell 1_ZCSEdited__cell004_T013.wrl_rendered_rotNum_2.tif
-197.11385999779077,-364.7679953185801,414.61978270695715,CX3CR1eGFP-KontrolleM1_102012D10P5Film+opo60s30000µm²_11-18-05shape analysis cell 1_ZCSEdited__cell004_T013.wrl_rendered_rotNum_2.tif
0,0,0,0
1730.4433775211169,-3336.1534433635115,3758.238161755173,CX3CR1eGFP-KontrolleM1_102012D10P5Film+opo60s30000µm²_11-18-05shape analysis cell 1_ZCSEdited__cell004_T010.wrl_rendered_rotNum_6.tif
3484.7085922045317,5112.256163066246,6186.95054525191,CX3CR1eGFP-KontrolleM1_102012D10P5Film+opo60s30000µm²_11-18-05shape analysis cell 1_ZCSEdited__cell004_T010.wrl_rendered_rotNum_6.tif
2258.3509891212534,4076.271170702164,4660.05749397607,CX3CR1eGFP-KontrolleM1_102012D10P5Film+opo60s30000µm²_11-18-05shape analysis cell 1_ZCSEdited__cell004_T010.wrl_rendered_rotNum_6.tif
561.8758946064002,4106.514211070651,4144.77544466102,CX3CR1eGFP-KontrolleM1_102012D10P5Film+opo60s30000µm²_11-18-05shape analysis cell 1_ZCSEdited__cell004_T010.wrl_rendered_rotNum_6.tif
-1228.8199136918029,-5453.625960950501,5590.351912200055,CX3CR1eGFP-KontrolleM1_102012D10P5Film+opo60s30000µm²_11-18-05shape analysis cell 1_ZCSEdited__cell004_T010.wrl_rendered_rotNum_6.tif
-856.9539428757489,-448.8887649519406,967.4043536755305,CX3CR1eGFP-KontrolleM1_102012D10P5Film+opo60s30000µm²_11-18-05shape analysis cell 1_ZCSEdited__cell004_T010.wrl_rendered_rotNum_6.tif
-1592.8723074340955,1408.6023059725626,2126.3590111224494,CX3CR1eGFP-KontrolleM1_102012D10P5Film+opo60s30000µm²_11-18-05shape analysis cell 1_ZCSEdited__cell004_T010.wrl_rendered_rotNum_6.tif
-844.9395263601864,-1565.0975817101946,1778.6099188638511,CX3CR1eGFP-KontrolleM1_102012D10P5Film+opo60s30000µm²_11-18-05shape analysis cell 1_ZCSEdited__cell004_T010.wrl_rendered_rotNum_6.tif
811.650841476853,303.086150782327,866.3938499701686,CX3CR1eGFP-KontrolleM1_102012D10P5Film+opo60s30000µm²_11-18-05shape analysis cell 1_ZCSEdited__cell004_T010.wrl_rendered_rotNum_6.tif
1469.863215516522,-1172.0832741927068,1879.9673066228745,CX3CR1eGFP-KontrolleM1_102012D10P5Film+opo60s30000µm²_11-18-05shape analysis cell 1_ZCSEdited__cell004_T010.wrl_rendered_rotNum_6.tif
-1703.6213172467758,-248.55857017314645,1721.6581993485695,CX3CR1eGFP-KontrolleM1_102012D10P5Film+opo60s30000µm²_11-18-05shape analysis cell 1_ZCSEdited__cell004_T010.wrl_rendered_rotNum_6.tif
396.58976150160237,67.67920986907683,402.3231467072214,CX3CR1eGFP-KontrolleM1_102012D10P5Film+opo60s30000µm²_11-18-05shape analysis cell 1_ZCSEdited__cell004_T010.wrl_rendered_rotNum_6.tif
-399.68957016602405,-155.85844623335942,429.0030393386253,CX3CR1eGFP-KontrolleM1_102012D10P5Film+opo60s30000µm²_11-18-05shape analysis cell 1_ZCSEdited__cell004_T010.wrl_rendered_rotNum_6.tif
-510.81013269756085,307.8385103088127,596.3988096028099,CX3CR1eGFP-KontrolleM1_102012D10P5Film+opo60s30000µm²_11-18-05shape analysis cell 1_ZCSEdited__cell004_T010.wrl_rendered_rotNum_6.tif
700.7205655659461,542.0423184320152,885.9002122012465,CX3CR1eGFP-KontrolleM1_102012D10P5Film+opo60s30000µm²_11-18-05shape analysis cell 1_ZCSEdited__cell004_T010.wrl_rendered_rotNum_6.tif
-527.2277652711986,-317.5270414525092,615.4612404745286,CX3CR1eGFP-KontrolleM1_102012D10P5Film+opo60s30000µm²_11-18-05shape analysis cell 1_ZCSEdited__cell004_T010.wrl_rendered_rotNum_6.tif
-610.5125081749744,-227.6104673256349,651.5612384682595,CX3CR1eGFP-KontrolleM1_102012D10P5Film+opo60s30000µm²_11-18-05shape analysis cell 1_ZCSEdited__cell004_T010.wrl_rendered_rotNum_6.tif
-262.171028866554,-223.34030832622932,344.4046191621168,CX3CR1eGFP-KontrolleM1_102012D10P5Film+opo60s30000µm²_11-18-05shape analysis cell 1_ZCSEdited__cell004_T010.wrl_rendered_rotNum_6.tif
-187.8177856345787,-376.84503790494955,421.05546332313446,CX3CR1eGFP-KontrolleM1_102012D10P5Film+opo60s30000µm²_11-18-05shape analysis cell 1_ZCSEdited__cell004_T010.wrl_rendered_rotNum_6.tif
0,0,0,0
-1211.0542629736165,-4835.898472235543,4985.234845183988,CX3CR1eGFP-KontrolleM1_102012D10P5Film+opo60s30000µm²_11-18-05shape analysis cell 1_ZCSEdited__cell004_T013.wrl_rendered_rotNum_1.tif
-8461.588718872552,1124.2031475185927,8535.942617206487,CX3CR1eGFP-KontrolleM1_102012D10P5Film+opo60s30000µm²_11-18-05shape analysis cell 1_ZCSEdited__cell004_T013.wrl_rendered_rotNum_1.tif
-3387.263433921548,7963.887220062087,8654.308362003878,CX3CR1eGFP-KontrolleM1_102012D10P5Film+opo60s30000µm²_11-18-05shape analysis cell 1_ZCSEdited__cell004_T013.wrl_rendered_rotNum_1.tif
-1087.1924085577714,5781.928238264393,5883.254327807428,CX3CR1eGFP-KontrolleM1_102012D10P5Film+opo60s30000µm²_11-18-05shape analysis cell 1_ZCSEdited__cell004_T013.wrl_rendered_rotNum_1.tif
322.9266560032146,2245.6095475595516,2268.7097357855264,CX3CR1eGFP-KontrolleM1_102012D10P5Film+opo60s30000µm²_11-18-05shape analysis cell 1_ZCSEdited__cell004_T013.wrl_rendered_rotNum_1.tif
334.26809390235223,2345.8479879169145,2369.5438255105028,CX3CR1eGFP-KontrolleM1_102012D10P5Film+opo60s30000µm²_11-18-05shape analysis cell 1_ZCSEdited__cell004_T013.wrl_rendered_rotNum_1.tif
-3663.0160813512853,-522.5220835385519,3700.096774413285,CX3CR1eGFP-KontrolleM1_102012D10P5Film+opo60s30000µm²_11-18-05shape analysis cell 1_ZCSEdited__cell004_T013.wrl_rendered_rotNum_1.tif
16.571267373302796,4632.839489689717,4632.869126592163,CX3CR1eGFP-KontrolleM1_102012D10P5Film+opo60s30000µm²_11-18-05shape analysis cell 1_ZCSEdited__cell004_T013.wrl_rendered_rotNum_1.tif
-1067.279579231116,-660.7786409955118,1255.2745168446716,CX3CR1eGFP-KontrolleM1_102012D10P5Film+opo60s30000µm²_11-18-05shape analysis cell 1_ZCSEdited__cell004_T013.wrl_rendered_rotNum_1.tif
-4200.701726476739,-882.2916540913536,4292.357575704045,CX3CR1eGFP-KontrolleM1_102012D10P5Film+opo60s30000µm²_11-18-05shape analysis cell 1_ZCSEdited__cell004_T013.wrl_rendered_rotNum_1.tif
-1580.3915018925795,-3483.671832594629,3825.389749616045,CX3CR1eGFP-KontrolleM1_102012D10P5Film+opo60s30000µm²_11-18-05shape analysis cell 1_ZCSEdited__cell004_T013.wrl_rendered_rotNum_1.tif
1931.275213609172,-893.7265198042339,2128.0439475966045,CX3CR1eGFP-KontrolleM1_102012D10P5Film+opo60s30000µm²_11-18-05shape analysis cell 1_ZCSEdited__cell004_T013.wrl_rendered_rotNum_1.tif
-963.4641501041224,-1432.8806568467326,1726.6760394762482,CX3CR1eGFP-KontrolleM1_102012D10P5Film+opo60s30000µm²_11-18-05shape analysis cell 1_ZCSEdited__cell004_T013.wrl_rendered_rotNum_1.tif
-1508.7454324967077,193.5490606119887,1521.109469743536,CX3CR1eGFP-KontrolleM1_102012D10P5Film+opo60s30000µm²_11-18-05shape analysis cell 1_ZCSEdited__cell004_T013.wrl_rendered_rotNum_1.tif
2046.3360008509774,700.8831235007351,2163.0367960778935,CX3CR1eGFP-KontrolleM1_102012D10P5Film+opo60s30000µm²_11-18-05shape analysis cell 1_ZCSEdited__cell004_T013.wrl_rendered_rotNum_1.tif
-1793.0691720015257,-2471.7499309406753,3053.6281333337674,CX3CR1eGFP-KontrolleM1_102012D10P5Film+opo60s30000µm²_11-18-05shape analysis cell 1_ZCSEdited__cell004_T013.wrl_rendered_rotNum_1.tif
-272.1391584881005,2455.9357273165406,2470.967425583032,CX3CR1eGFP-KontrolleM1_102012D10P5Film+opo60s30000µm²_11-18-05shape analysis cell 1_ZCSEdited__cell004_T013.wrl_rendered_rotNum_1.tif
156.12430400857875,-1617.1038494672812,1624.6229280248576,CX3CR1eGFP-KontrolleM1_102012D10P5Film+opo60s30000µm²_11-18-05shape analysis cell 1_ZCSEdited__cell004_T013.wrl_rendered_rotNum_1.tif
1507.0549451106485,-1865.757202406268,2398.3879056385613,CX3CR1eGFP-KontrolleM1_102012D10P5Film+opo60s30000µm²_11-18-05shape analysis cell 1_ZCSEdited__cell004_T013.wrl_rendered_rotNum_1.tif
0,0,0,0
-7760.7735328083645,-3303.210823885588,8434.501027006501,CX3CR1eGFP-KontrolleM1_102012D10P5Film+opo60s30000µm²_11-18-05shape analysis cell 1_ZCSEdited__cell004_T023.wrl_rendered_rotNum_6.tif
492.22887480997645,2216.620281025873,2270.615497051827,CX3CR1eGFP-KontrolleM1_102012D10P5Film+opo60s30000µm²_11-18-05shape analysis cell 1_ZCSEdited__cell004_T023.wrl_rendered_rotNum_6.tif
-505.4086124093602,-1525.564141134255,1607.1041703051646,CX3CR1eGFP-KontrolleM1_102012D10P5Film+opo60s30000µm²_11-18-05shape analysis cell 1_ZCSEdited__cell004_T023.wrl_rendered_rotNum_6.tif
1948.1963546853574,1247.4268727563542,2313.340190997427,CX3CR1eGFP-KontrolleM1_102012D10P5Film+opo60s30000µm²_11-18-05shape analysis cell 1_ZCSEdited__cell004_T023.wrl_rendered_rotNum_6.tif
-437.28735659547897,296.05809464637554,528.0820273820193,CX3CR1eGFP-KontrolleM1_102012D10P5Film+opo60s30000µm²_11-18-05shape analysis cell 1_ZCSEdited__cell004_T023.wrl_rendered_rotNum_6.tif
-1042.7074248792587,639.2548834875344,1223.0640130267084,CX3CR1eGFP-KontrolleM1_102012D10P5Film+opo60s30000µm²_11-18-05shape analysis cell 1_ZCSEdited__cell004_T023.wrl_rendered_rotNum_6.tif
-777.0923162090824,-267.082340608247,821.7088563329327,CX3CR1eGFP-KontrolleM1_102012D10P5Film+opo60s30000µm²_11-18-05shape analysis cell 1_ZCSEdited__cell004_T023.wrl_rendered_rotNum_6.tif
-546.514286663284,-397.1968658058905,675.6058138686351,CX3CR1eGFP-KontrolleM1_102012D10P5Film+opo60s30000µm²_11-18-05shape analysis cell 1_ZCSEdited__cell004_T023.wrl_rendered_rotNum_6.tif
-888.1550129697204,-371.52756104148375,962.7315595100628,CX3CR1eGFP-KontrolleM1_102012D10P5Film+opo60s30000µm²_11-18-05shape analysis cell 1_ZCSEdited__cell004_T023.wrl_rendered_rotNum_6.tif
-92.81417616148337,-737.6932283149326,743.5090923440292,CX3CR1eGFP-KontrolleM1_102012D10P5Film+opo60s30000µm²_11-18-05shape analysis cell 1_ZCSEdited__cell004_T023.wrl_rendered_rotNum_6.tif
-348.8124976547751,-111.41956246795348,366.17547353791,CX3CR1eGFP-KontrolleM1_102012D10P5Film+opo60s30000µm²_11-18-05shape analysis cell 1_ZCSEdited__cell004_T023.wrl_rendered_rotNum_6.tif
-478.98675470265795,-666.2445980182025,820.5547974200264,CX3CR1eGFP-KontrolleM1_102012D10P5Film+opo60s30000µm²_11-18-05shape analysis cell 1_ZCSEdited__cell004_T023.wrl_rendered_rotNum_6.tif
53.08584351479115,-264.463077848163,269.73844058013015,CX3CR1eGFP-KontrolleM1_102012D10P5Film+opo60s30000µm²_11-18-05shape analysis cell 1_ZCSEdited__cell004_T023.wrl_rendered_rotNum_6.tif
-449.256205353828,-175.51793790469281,482.3252891723971,CX3CR1eGFP-KontrolleM1_102012D10P5Film+opo60s30000µm²_11-18-05shape analysis cell 1_ZCSEdited__cell004_T023.wrl_rendered_rotNum_6.tif
-210.2215502871268,-399.29904819971455,451.25694465384237,CX3CR1eGFP-KontrolleM1_102012D10P5Film+opo60s30000µm²_11-18-05shape analysis cell 1_ZCSEdited__cell004_T023.wrl_rendered_rotNum_6.tif
-185.41242010849635,-168.4558498083391,250.50975802379284,CX3CR1eGFP-KontrolleM1_102012D10P5Film+opo60s30000µm²_11-18-05shape analysis cell 1_ZCSEdited__cell004_T023.wrl_rendered_rotNum_6.tif
-295.993844090549,-262.79957965051216,395.82316102520593,CX3CR1eGFP-KontrolleM1_102012D10P5Film+opo60s30000µm²_11-18-05shape analysis cell 1_ZCSEdited__cell004_T023.wrl_rendered_rotNum_6.tif
-216.72817324715737,-393.2315811735988,449.0013112579277,CX3CR1eGFP-KontrolleM1_102012D10P5Film+opo60s30000µm²_11-18-05shape analysis cell 1_ZCSEdited__cell004_T023.wrl_rendered_rotNum_6.tif
-373.62327895862654,-307.4049926466174,483.8307390853361,CX3CR1eGFP-KontrolleM1_102012D10P5Film+opo60s30000µm²_11-18-05shape analysis cell 1_ZCSEdited__cell004_T023.wrl_rendered_rotNum_6.tif
0,0,0,0
-216.5783850741617,-9393.489470004699,9395.985878021023,CX3CR1eGFP-KontrolleM1_102012D10P5Film+opo60s30000µm²_11-18-05shape analysis cell 1_ZCSEdited__cell004_T023.wrl_rendered_rotNum_4.tif
4555.475134362543,681.0258654591942,4606.099209658849,CX3CR1eGFP-KontrolleM1_102012D10P5Film+opo60s30000µm²_11-18-05shape analysis cell 1_ZCSEdited__cell004_T023.wrl_rendered_rotNum_4.tif
1013.1471678502261,1213.6184868472596,1580.929162024778,CX3CR1eGFP-KontrolleM1_102012D10P5Film+opo60s30000µm²_11-18-05shape analysis cell 1_ZCSEdited__cell004_T023.wrl_rendered_rotNum_4.tif
-270.2431750009998,-432.630033580639,510.0981470174204,CX3CR1eGFP-KontrolleM1_102012D10P5Film+opo60s30000µm²_11-18-05shape analysis cell 1_ZCSEdited__cell004_T023.wrl_rendered_rotNum_4.tif
1599.7018109080211,234.12458801899396,1616.7437046537295,CX3CR1eGFP-KontrolleM1_102012D10P5Film+opo60s30000µm²_11-18-05shape analysis cell 1_ZCSEdited__cell004_T023.wrl_rendered_rotNum_4.tif
-1950.4200263896857,-947.8504176194998,2168.538377230941,CX3CR1eGFP-KontrolleM1_102012D10P5Film+opo60s30000µm²_11-18-05shape analysis cell 1_ZCSEdited__cell004_T023.wrl_rendered_rotNum_4.tif
468.5912976345324,-493.1531731807562,680.2777788793809,CX3CR1eGFP-KontrolleM1_102012D10P5Film+opo60s30000µm²_11-18-05shape analysis cell 1_ZCSEdited__cell004_T023.wrl_rendered_rotNum_4.tif
-677.748179104984,-198.6800116698248,706.269312172944,CX3CR1eGFP-KontrolleM1_102012D10P5Film+opo60s30000µm²_11-18-05shape analysis cell 1_ZCSEdited__cell004_T023.wrl_rendered_rotNum_4.tif
-690.9393178492184,-322.7712337380283,762.6128836301627,CX3CR1eGFP-KontrolleM1_102012D10P5Film+opo60s30000µm²_11-18-05shape analysis cell 1_ZCSEdited__cell004_T023.wrl_rendered_rotNum_4.tif
205.90017381105753,-314.5530796167256,375.950158228175,CX3CR1eGFP-KontrolleM1_102012D10P5Film+opo60s30000µm²_11-18-05shape analysis cell 1_ZCSEdited__cell004_T023.wrl_rendered_rotNum_4.tif
-491.6474455634462,-915.3624974894714,1039.0407655810354,CX3CR1eGFP-KontrolleM1_102012D10P5Film+opo60s30000µm²_11-18-05shape analysis cell 1_ZCSEdited__cell004_T023.wrl_rendered_rotNum_4.tif
-530.078301493236,-135.55812180124207,547.1371035675011,CX3CR1eGFP-KontrolleM1_102012D10P5Film+opo60s30000µm²_11-18-05shape analysis cell 1_ZCSEdited__cell004_T023.wrl_rendered_rotNum_4.tif
-477.27492894168057,-311.3559654227351,569.8542752323699,CX3CR1eGFP-KontrolleM1_102012D10P5Film+opo60s30000µm²_11-18-05shape analysis cell 1_ZCSEdited__cell004_T023.wrl_rendered_rotNum_4.tif
-135.26798875987586,-683.2810325077926,696.541741870548,CX3CR1eGFP-KontrolleM1_102012D10P5Film+opo60s30000µm²_11-18-05shape analysis cell 1_ZCSEdited__cell004_T023.wrl_rendered_rotNum_4.tif
-620.2880977536549,-162.98463825009253,641.3433686570411,CX3CR1eGFP-KontrolleM1_102012D10P5Film+opo60s30000µm²_11-18-05shape analysis cell 1_ZCSEdited__cell004_T023.wrl_rendered_rotNum_4.tif
-511.16574784845716,-274.10913827012337,580.0226215042496,CX3CR1eGFP-KontrolleM1_102012D10P5Film+opo60s30000µm²_11-18-05shape analysis cell 1_ZCSEdited__cell004_T023.wrl_rendered_rotNum_4.tif
-219.78352029762152,-2.9619166565252613,219.80347755368933,CX3CR1eGFP-KontrolleM1_102012D10P5Film+opo60s30000µm²_11-18-05shape analysis cell 1_ZCSEdited__cell004_T023.wrl_rendered_rotNum_4.tif
-345.66173905989615,-427.05843042578834,549.41872997528,CX3CR1eGFP-KontrolleM1_102012D10P5Film+opo60s30000µm²_11-18-05shape analysis cell 1_ZCSEdited__cell004_T023.wrl_rendered_rotNum_4.tif
-155.50978003023567,-212.57232116258206,263.38239008996067,CX3CR1eGFP-KontrolleM1_102012D10P5Film+opo60s30000µm²_11-18-05shape analysis cell 1_ZCSEdited__cell004_T023.wrl_rendered_rotNum_4.tif
0,0,0,0
